iterations,error
100,73.41210967682305
200,28.047566488376308
