iterations,error
10,63.50875855100712
20,41.35871450034724
30,25.215185814478488
40,15.089961334032111
