iterations,error
100,68.70612832638875
200,23.938160148869827
