iterations,error
100,77.92501991249537
200,34.34201867246626
