iterations,error
10,29.383365356649517
20,22.958795579097284
30,15.878433134646052
