iterations,error
10,82.29582923358569
20,78.70954945896878
30,66.94614786325813
40,54.16203152320491
50,30.60405984709318
60,12.12447092056488
