iterations,error
10,13.548365104628513
20,18.23185026324056
30,20.25451452849969
40,17.57415512649228
50,12.33735324105382
60,12.567597359297146
70,14.772692212916546
