iterations,error
10,16.56274308910732
20,16.56274308910732
30,15.43246569871934
