iterations,error
10,13.954737583743311
20,18.842311133785998
30,18.51479710699113
40,15.013145612024417
50,15.848446884608032
60,14.663226504916507
70,10.076125219976086
