iterations,error
10,50.54233987152602
20,45.89414966320006
30,42.902149368423736
40,37.9232733264158
50,32.15624141852437
60,28.828519017345624
70,22.594717398180563
80,16.197732743967943
90,9.79921237116167
