iterations,error
10,15.08209587221824
20,19.05061010465085
30,14.615971355985685
40,16.674107475004163
50,15.774420040157732
60,11.073308161530647
70,11.512271197475648
