iterations,error
10,102.6244075026165
20,100.50961055395041
30,97.8507135970662
40,95.9034073815094
50,93.25931074016735
60,90.62119040295812
70,87.79639028093098
100,78.43596514449956
200,34.906100272614886
