iterations,error
10,66.17795958635261
20,54.43593227178022
30,44.43906624097623
40,36.31648879234992
50,34.731244712473824
60,30.179222984152986
70,26.284622499769593
80,20.87614950750283
90,14.991106548010325
