iterations,error
10,11.265331450349578
20,11.4403653002027
