iterations,error
10,10.155532509656714
20,15.463500047447479
30,12.867487722146537
40,14.587459897072282
