iterations,error
10,85.07248888798661
20,66.96985009907232
30,49.38612277065624
40,30.23695170110716
50,20.24093334484121
60,13.18563373187851
