iterations,error
10,68.82928077279475
20,55.60141771468721
30,44.64486882162201
40,37.13276614077378
50,31.03041303730408
60,25.752255973153577
70,19.627918496870315
80,13.574673309254571
