iterations,error
10,35.89789687465049
20,31.798329408747275
30,26.54254078008794
40,21.248120641125745
50,12.7807952868726
