iterations,error
10,47.092134330749815
20,40.786867218653754
30,35.12933574187227
40,30.739377407685627
50,25.570511378667746
60,19.91639398666075
70,13.637831465970056
80,9.760269478001778
