iterations,error
10,68.07842150274882
20,56.00277296454868
30,48.657556019585336
40,30.805049466755396
50,20.361781405970795
60,13.98508472763405
70,9.93331131727463
