iterations,error
10,100.74021324575097
20,96.56944274995925
30,74.06567778732318
40,52.01093444879193
50,33.908133952847436
60,23.53726115333847
70,14.862407335581285
