iterations,error
10,16.233637504257104
20,11.675458766910094
