iterations,error
10,62.79232508384705
20,45.97800547703483
30,29.001689065397255
40,27.108460046065225
50,16.76642933951622
60,16.68688015028279
70,8.723831961686363
