iterations,error
10,87.34215603678443
20,69.57526057726282
30,49.650850295076424
40,29.107055811174103
50,17.78801937849814
60,12.056117411035268
