iterations,error
10,55.19843780826059
20,46.723346800098064
30,26.119639207791643
40,23.805016534993705
50,20.048360804291885
60,18.63307824781452
70,11.268552463091815
