iterations,error
10,47.62220585346104
20,29.652199075349557
30,12.060732166174564
