iterations,error
10,103.26414070685112
20,82.04045023715605
30,61.867413641845076
40,40.63157746043064
50,26.412818590369966
60,15.480136295534122
