iterations,error
10,13.917739355032595
20,11.569415760139554
