iterations,error
10,49.67807562718402
20,45.2523961747727
30,40.67669986815348
40,36.443891437638776
50,32.10668768744799
60,26.224427427140455
70,20.647331152692473
80,15.646936714586076
90,9.802995886260238
