iterations,error
10,12.30851470391989
20,10.494984415554484
