iterations,error
10,34.19940999413534
20,29.74681829223466
30,23.413805921421986
40,16.93027831217832
50,11.502813665457879
60,12.798058922387611
