iterations,error
10,19.746202735110252
20,13.815613542811773
30,11.98034066496264
