iterations,error
10,13.186917361573167
20,13.484697267596662
