iterations,error
10,15.1125920851916
20,12.229223893638231
