iterations,error
10,76.55686770198507
20,57.95484653587181
30,43.57541604291325
40,27.91537548411187
50,21.27026111614982
60,18.52641266993754
70,14.66464547926352
