iterations,error
10,125.4140749718994
20,121.51990478318966
30,106.30881774542985
40,86.64602492547414
50,64.06387431990906
60,50.50804837255323
70,29.21603157297288
80,18.136167116849997
90,10.261987547247012
