iterations,error
10,52.76745193303741
20,46.580168324368415
30,42.303023639035
40,36.64726033096335
50,31.33626903878074
60,26.017192477117725
70,21.142091465954387
80,13.851199801551102
