iterations,error
10,52.60663618825838
20,39.384183375602284
30,29.372590944410586
40,20.03268226267494
50,13.554898536584155
