iterations,error
10,48.12254169591155
20,39.00381393448096
30,27.91964642466653
40,19.769404616483016
50,17.057794058087147
60,14.311534421825407
