iterations,error
10,14.131269309129948
20,22.532001476571264
30,12.165531324870976
